input,output
"FCP: 1.6s, LCP: 4.6s","Headline: 'Unlock the Profit Code Now!', CTA: 'Turn Dreams into Dollars!', Traffic: 1101.0K, Bounce: 0.38, Conv: 0.01"
"FCP: 2.8s, LCP: 3.9s","Headline: 'Your Niche Is Ripe—Own It!', CTA: 'Master Your Market—Click!', Traffic: 818.8K, Bounce: 0.37, Conv: 0.01"
"FCP: 2.1s, LCP: 2.1s","Headline: 'Your Revenue’s Bleeding—Plug It!', CTA: 'Get It Before It’s Gone!', Traffic: 1137.2K, Bounce: 0.39, Conv: 0.01"
"FCP: 1.7s, LCP: 4.3s","Headline: 'Skyrocket Your Sales Today!', CTA: 'Win the Game—Start Here!', Traffic: 938.6K, Bounce: 0.35, Conv: 0.01"
"FCP: 1.5s, LCP: 4.9s","Headline: 'Your Business Is Bleeding Cash!', CTA: 'Get It Before It’s Gone!', Traffic: 828.6K, Bounce: 0.40, Conv: 0.01"
"FCP: 2.4s, LCP: 4.3s","Headline: 'Your Competitors Hate This Trick!', CTA: 'Take This and Run!', Traffic: 902.2K, Bounce: 0.35, Conv: 0.01"
"FCP: 2.5s, LCP: 4.7s","Headline: 'Stop Wasting Time—Get Rich!', CTA: 'Don’t Sleep on This—Act!', Traffic: 897.6K, Bounce: 0.38, Conv: 0.01"
"FCP: 1.6s, LCP: 3.4s","Headline: 'The Millionaire’s Playbook Unleashed!', CTA: 'Grab the Cash Machine Now!', Traffic: 879.5K, Bounce: 0.40, Conv: 0.01"
"FCP: 1.7s, LCP: 2.6s","Headline: 'The One Move to Millions!', CTA: 'Unlock Millions—Don’t Wait!', Traffic: 835.2K, Bounce: 0.39, Conv: 0.01"
"FCP: 2.5s, LCP: 4.8s","Headline: 'The Millionaire’s Playbook Unleashed!', CTA: 'Get It Before It’s Gone!', Traffic: 1150.3K, Bounce: 0.35, Conv: 0.01"
"FCP: 1.2s, LCP: 3.0s","Headline: 'The Secret Sauce to Success!', CTA: 'Make It Rain—Click Here!', Traffic: 899.0K, Bounce: 0.41, Conv: 0.01"
"FCP: 1.0s, LCP: 3.5s","Headline: 'Grow Fast or Fade Away!', CTA: 'Click or Stay Broke!', Traffic: 821.4K, Bounce: 0.37, Conv: 0.01"
"FCP: 1.9s, LCP: 4.4s","Headline: 'Double Your Revenue or Die Trying!', CTA: 'Seize the Opportunity—Go!', Traffic: 985.9K, Bounce: 0.38, Conv: 0.01"
"FCP: 1.2s, LCP: 4.0s","Headline: 'Stop Wasting Time—Get Rich!', CTA: 'Double Your Leads Today!', Traffic: 841.7K, Bounce: 0.40, Conv: 0.01"
"FCP: 2.5s, LCP: 4.6s","Headline: 'Make Money While You Sleep!', CTA: 'Win Big or Stay Small!', Traffic: 794.0K, Bounce: 0.41, Conv: 0.01"
"FCP: 1.9s, LCP: 3.6s","Headline: 'Stop Wasting Time—Get Rich!', CTA: 'Unlock the Vault—Go Fast!', Traffic: 1166.0K, Bounce: 0.41, Conv: 0.01"
"FCP: 1.7s, LCP: 3.2s","Headline: 'Unlock the Money Vault Today!', CTA: 'Unlock Millions—Don’t Wait!', Traffic: 819.4K, Bounce: 0.40, Conv: 0.01"
"FCP: 1.9s, LCP: 3.8s","Headline: 'The Game-Changer You Ignored!', CTA: 'Click or Stay Broke!', Traffic: 1127.3K, Bounce: 0.38, Conv: 0.01"
"FCP: 2.8s, LCP: 2.9s","Headline: 'Turn Leads into Gold Today!', CTA: 'Get It Before It’s Gone!', Traffic: 861.1K, Bounce: 0.36, Conv: 0.01"
"FCP: 2.9s, LCP: 2.3s","Headline: 'Your Ticket to Millions Awaits!', CTA: 'Turn Clicks into Cash—Go!', Traffic: 978.4K, Bounce: 0.37, Conv: 0.01"
"FCP: 2.0s, LCP: 4.0s","Headline: 'Make Money While You Sleep!', CTA: 'Take This and Run!', Traffic: 899.5K, Bounce: 0.40, Conv: 0.01"
"FCP: 1.3s, LCP: 3.3s","Headline: 'Stop Losing—Start Winning!', CTA: 'Turn Clicks into Cash—Go!', Traffic: 1006.8K, Bounce: 0.40, Conv: 0.01"
"FCP: 2.1s, LCP: 3.1s","Headline: 'Your Niche Is Ripe—Own It!', CTA: 'Secure Your Empire Today!', Traffic: 1055.4K, Bounce: 0.38, Conv: 0.01"
"FCP: 1.7s, LCP: 4.7s","Headline: 'The Cash Machine You’re Missing!', CTA: 'Act Now, Win Big!', Traffic: 1029.6K, Bounce: 0.38, Conv: 0.01"
"FCP: 1.8s, LCP: 4.9s","Headline: 'Why You’re Broke and How to Fix It!', CTA: 'Unlock Millions—Don’t Wait!', Traffic: 1139.0K, Bounce: 0.39, Conv: 0.01"
"FCP: 2.0s, LCP: 4.2s","Headline: 'Your Empire Starts Here!', CTA: 'Secure Your Empire Today!', Traffic: 998.3K, Bounce: 0.42, Conv: 0.01"
"FCP: 1.6s, LCP: 4.0s","Headline: 'Skyrocket or Sink—Your Call!', CTA: 'Rule Your Industry—Start!', Traffic: 1166.1K, Bounce: 0.38, Conv: 0.01"
"FCP: 2.2s, LCP: 4.9s","Headline: 'Stop Losing—Start Winning!', CTA: 'Build Wealth or Bust!', Traffic: 1140.0K, Bounce: 0.41, Conv: 0.01"
"FCP: 1.5s, LCP: 4.0s","Headline: 'Why You’re Broke and How to Fix It!', CTA: 'Build Wealth or Bust!', Traffic: 856.7K, Bounce: 0.38, Conv: 0.01"
"FCP: 1.8s, LCP: 3.7s","Headline: 'Steal This Formula Before It’s Gone!', CTA: 'Profit or Perish—Click!', Traffic: 809.7K, Bounce: 0.37, Conv: 0.01"
"FCP: 2.8s, LCP: 3.1s","Headline: 'Your Revenue’s Bleeding—Plug It!', CTA: 'Get It Before It’s Gone!', Traffic: 1149.0K, Bounce: 0.38, Conv: 0.01"
"FCP: 2.8s, LCP: 2.0s","Headline: 'Make Sales Rain—Here’s How!', CTA: 'Make Millions or Miss Out!', Traffic: 1138.9K, Bounce: 0.39, Conv: 0.01"
"FCP: 1.2s, LCP: 4.6s","Headline: 'The One Move to Millions!', CTA: 'Get It Before It’s Gone!', Traffic: 1139.4K, Bounce: 0.41, Conv: 0.01"
"FCP: 1.2s, LCP: 4.3s","Headline: 'Dominate or Disappear—Choose!', CTA: 'Win the Game—Start Here!', Traffic: 828.0K, Bounce: 0.38, Conv: 0.01"
"FCP: 2.9s, LCP: 2.8s","Headline: 'Your Niche Is Ripe—Own It!', CTA: 'Dominate Your Niche Now!', Traffic: 1168.2K, Bounce: 0.37, Conv: 0.01"
"FCP: 1.5s, LCP: 2.4s","Headline: 'Stop Failing—Start Scaling!', CTA: 'Quit Wasting Time—Grab It!', Traffic: 952.8K, Bounce: 0.40, Conv: 0.01"
"FCP: 2.8s, LCP: 2.3s","Headline: 'Grow Fast or Fade Away!', CTA: 'Stop Scrollin’, Start Winnin’!', Traffic: 824.6K, Bounce: 0.41, Conv: 0.01"
"FCP: 2.9s, LCP: 4.9s","Headline: 'Your Business Needs This Now!', CTA: 'Click or Stay Broke!', Traffic: 915.0K, Bounce: 0.40, Conv: 0.01"
"FCP: 1.7s, LCP: 3.6s","Headline: 'Build Wealth or Bust!', CTA: 'Cash In or Crash Out!', Traffic: 1054.7K, Bounce: 0.40, Conv: 0.01"
"FCP: 2.3s, LCP: 3.4s","Headline: 'The Money Magnet Method!', CTA: 'Make It Rain—Click Here!', Traffic: 904.7K, Bounce: 0.38, Conv: 0.01"
"FCP: 1.6s, LCP: 2.6s","Headline: 'Profit Like a Predator!', CTA: 'Win Big or Stay Small!', Traffic: 802.7K, Bounce: 0.34, Conv: 0.01"
"FCP: 2.6s, LCP: 4.2s","Headline: 'Steal This Formula Before It’s Gone!', CTA: 'Make Millions or Miss Out!', Traffic: 939.1K, Bounce: 0.40, Conv: 0.01"
"FCP: 2.8s, LCP: 2.6s","Headline: 'The Secret to Crushing It!', CTA: 'Seize the Opportunity—Go!', Traffic: 940.5K, Bounce: 0.36, Conv: 0.01"
"FCP: 2.3s, LCP: 3.8s","Headline: 'Unlock Explosive Growth Now!', CTA: 'Get Paid or Get Played!', Traffic: 980.7K, Bounce: 0.35, Conv: 0.01"
"FCP: 1.6s, LCP: 2.5s","Headline: 'The Profit Hack You Need!', CTA: 'Get the Edge—Act Now!', Traffic: 846.1K, Bounce: 0.34, Conv: 0.01"
"FCP: 2.1s, LCP: 3.8s","Headline: 'Your Last Shot at Millions!', CTA: 'Your Last Chance—Act Fast!', Traffic: 1143.3K, Bounce: 0.39, Conv: 0.01"
"FCP: 1.6s, LCP: 3.9s","Headline: 'Unlock Explosive Growth Now!', CTA: 'Win Big or Stay Small!', Traffic: 830.5K, Bounce: 0.37, Conv: 0.01"
"FCP: 2.8s, LCP: 3.8s","Headline: 'The Millionaire’s Playbook Unleashed!', CTA: 'Unlock the Secret Now!', Traffic: 1069.7K, Bounce: 0.37, Conv: 0.01"
"FCP: 1.8s, LCP: 3.6s","Headline: 'Cash In Before Your Rivals Do!', CTA: 'Steal This Now!', Traffic: 1158.2K, Bounce: 0.36, Conv: 0.01"
"FCP: 2.5s, LCP: 2.1s","Headline: 'Your Business Is Dying—Save It!', CTA: 'Master Your Market—Click!', Traffic: 786.0K, Bounce: 0.39, Conv: 0.01"
